{"data": [{"title": " Minimum dry density ", "paragraphs": [{"context": "and levelled. in-order to ensure thorough compaction, rolling shall be continued on the full width till there is no further visible movement under the roller and the surface is well closed. The minimum dry density obtained shall not be jess than 98 percent of that achieved during the trial length construction in accordance with Clause 601,7. The densities achieved at the edges i.e. 0.5 m from the edge shall not be less than 96 percent of that achieved during the. ", "qas": [{"answers": [{"answer_start": 246, "text": "98 percent"}], "question": "The Minimum dry density of DLC shall not be less than ..% of that achieved during trial strech", "id": "oeZg42vvvsEZsc48KHJHgL"}]} , {"context": "Rolling shall commence at edges and progress towards the centre, except at super elevated portions or for carriageway with unidirectional cross-fall where it shall commence at the inner edge and progress towards the outer edge. During rolling, the surface shall be frequently checked for grade and crossfall (camber)  and any irregularities corrected by loosening the material and removing/adding fresh material. Compaction shail continue until the density", "qas": [{"answers": [{"answer_start": 180, "text": "inner edge and progress towards the outer edge"}], "question": "What is the roller movement pattern for rolling of DLC", "id": "HGspc4UyNckPvwt9D8HoR2"}]}, {"context": "The densities achieved at the edges i.e. 0.5 m from the edge shall not be less than 95 percent of that achieved during the trial construction as per para 7.9. Rolling shall commence on the lower edge of camber/one side slope and proceed towards centre/outer edge.", "qas": [{"answers": [{"answer_start": 164, "text": "outer edge to inner edge"}], "question": "What is the roller movement pattern for rolling of DLC", "id": "HGspc4UyNckPvwt9D8HoR2"}]}, {"context": "The minimum cement content shall be 150 kg/cu.m of concrete. In case flyash is blended at site as part replacement of cement, the quantity of flyash shall not be more than 20 percent by weight of cementitious material and the content of OPC shall not ", "qas": [{"answers": [{"answer_start": 36, "text": "150 kg/cu.m"}], "question": "Min or Minimum Cementitious Material Content", "id": "Taex9sV6FvpSd56hus6kAH"}]},{"context": "The concrete mix shall be proportioned with a maximum aggregate cement ratio of 14:1 where ORG is used and 12:1 where PPC or PSC is used. The minimum cementltious materials content shall not be less than 140 kg/cum of concrete. ", "qas": [{"answers": [{"answer_start": 204, "text": "140 kg/cum"}], "question": "Min or Minimum Cementitious Material Content", "id": "Taex9sV6FvpSd56hus6kAH"}]},{"context": "The average compressive strength of each consecutive group of 5 cubes made in accordance with Clause 903.5.1.1 shall not be less than 10 MPa at 7 days. ", "qas": [{"answers": [{"answer_start": 134, "text": "10MPa"}], "question": "The Minimum Avg DLC  cube strength required at 7 Days for consecutive 5 cube set", "id": "TtB8aGPYpxTefpwSgmSzQe"}]}, {"context": "The field density of regular work will be compared with this reference density in accordance with para 7.6.1. A few cores may be cut so as to check segregation or any\nother deficiency and also to ascertain strength.", "qas": [{"answers": [{"answer_start": 113, "text": "few"}], "question": "The no of cores to be taken for strength checking if DLC cube fail per Km is", "id": "JkNgmoNfxtvbU9q8J99LUk"}]}, {"context": "The locations from which core samples are to be taken and their number shall be decided as to be representative of the whole of the concrete under consideration. However, in no shall fewer than three cores be tested", "qas": [{"answers": [{"answer_start": 194, "text": "three"}], "question": "The no of cores to be taken for strength checking if DLC cube fail per Km is", "id": "JkNgmoNfxtvbU9q8J99LUk"}]},{"context": "Three cubes from each set of six shall be tested at an age of 28 days .", "qas": [{"answers": [{"answer_start": 1, "text": "Three"}], "question": "One sample for cube strength include how many cubes. ", "id": "oHndEhJ5Cr8rCwcm8wi2jg"}]},{"context": ". The control of strength shall be exercised by taking samples of dry lean concrete for making cubes at the rate of 3 samples for each 1000 sq.m or part thereof laid each day. The cube samples shall be compacted, cured and tested in accordance with IS:51 6.", "qas": [{"answers": [{"answer_start": 116, "text": "3"}], "question": "One sample for cube strength include how many cubes. ", "id": "oHndEhJ5Cr8rCwcm8wi2jg"}]},{"context": " Curing shall be done by covering the surface by hessian cloth in two layers\nwhich shall be kept continuously moist for 7 days by sprinkling water.\n", "qas": [{"answers": [{"answer_start": 120, "text": "7 days"}], "question": "The curing time of DLC ", "id": "GJGg2yFxq3cfLtwsVC9i66"}]},{"context": "Curing shall be commenced as soon as the mortar used for finishing has hardened sufficiently so as not to be damaged during curing. The curing shall be done for a period of at least 7 days, during which the finishing shall be suitably protected from all damages. ", "qas": [{"answers": [{"answer_start": 182, "text": "7 days"}], "question": "The curing time of DLC ", "id": "GJGg2yFxq3cfLtwsVC9i66"}]},{"context": " Table 400-8 : Physical Requirements of Coarse Aggregates for Water Bound Macadam for Sub-base/Base Courses Test Test Method Requirements Los Angeles Abrasion value IS: 2386(Part 4) 40 percent (Max) or Aggregate Impact value IS: 2386 (Part-4) or 30 percent (Max) IS:5640* Combined Flakiness and Elongation IS:2386 (Part-1) 35 percent (Max) Indices (Total)", "qas": [{"answers": [{"answer_start": 333, "text": "35 percent"}], "question": "The maximum value of Combined EI& FI for DLC Aggregates is ", "id": "6stCNfWjSsndQVnwUF63Mi"}]},{"context": " The specimens along with the moulds shall be weighed\naccurately to the nearest 1 gm, and shall be kept in the humidity cabinet (with exposure temperature of 38 and a relative humidity of 35 percent) for 72 hours. After taking out from the humidity cabinet, the specimens along with the moulds shall be weighed accurately again to the nearest 1 gm. The average percentage retention of the mixing water shall be calculated.", "qas": [{"answers": [{"answer_start": 190, "text": "35 percent"}], "question": "The maximum value of Combined Elongation index & Flakiness index for DLC Aggregates is ", "id": "6stCNfWjSsndQVnwUF63Mi"}]}, {"context": "For internal seal, split rings 2 mm thick and 20 mm wide made of metallic brass shall be provided in layers with staggered split positions. For elastomeric pressure pad of up to 480 mm diameter, a minimum of 2 layers of rings shall be provided, while for that above 480 mm diameter, a minimum of 3 layers of rings shall be provided. ", "qas": [{"answers": [{"answer_start": 296, "text": "3"}], "question": "DLC cube are casted in how many layers", "id": "wJZFJCdpx6uuZ9vXeySSRX"}]},{"context": "Trial mixes of dry lean concrete shall be prepared with moisture contents of 5.0, 5.5, 6.0, 6.5 and 7.0 percent using cement content requirement of aggregate-cement ratio specified in para 4.2. Optimum moisture and density shall be established by preparing cubes with varying moisture contents. Compaction of the mix shall be done in three layers with vibratory hammer fitted with a square or rectangular foot. ", "qas": [{"answers": [{"answer_start": 334, "text": "three"}], "question": "DLC cube are casted in how many layers", "id": "wJZFJCdpx6uuZ9vXeySSRX"}]},{"context": "Samples of dry lean concrete for making cubes shall be taken from the uncompacted material from different locations immediately before compaction at the rate of 3 samples for each 1000 sq.m or part thereof laid each day. The sampling of mix shall be done from the paving site. ", "qas": [{"answers": [{"answer_start": 161, "text": "3 samples for each 1000 sq.m"}], "question": "what is the frequency of DLC cube to be casted for strength checking", "id": "C6iqLb9AyWxeFrRpLstLB4"}]},{"context": " The control of strength shall be exercised by taking samples of dry lean concrete for making cubes at the rate of 3 samples for each 1000 sq.m or part thereof laid each day. ", "qas": [{"answers": [{"answer_start": 115, "text": "3 samples for each 1000 sq.m."}], "question": "what is the frequency of DLC cube to be casted for strength checking", "id": "C6iqLb9AyWxeFrRpLstLB4"}]},{"context": "Flyash, 15-30 percent or Ground Granulated Blast Furnace Slag (GBFS), 25-50 percent by weight of cementitious material may be used in concrete as part replacement of Ordinary Portland cement, and in such case, the Ordinary Portland cement content shall not be less than 1 00 kg/m^ of concrete. ", "qas": [{"answers": [{"answer_start": 8, "text": "15-30 percent "}], "question": "Maximum percentage of flyash that can be used as replacement for cement by weight of cementitious material  ", "id": "JuQzQLfWgB5kg7ZgUc5p5a"}]},{"context": "Longitudinal joint in Dry Lean Concrete shall be staggered by 300-400 mm from the longitudinal joint of concrete pavement. At ", "qas": [{"answers": [{"answer_start": 62, "text": "300-400"}], "question": "Longitudinal  joint in DLC is to be Staggered from PQC Longitudinal joint by", "id": "juJevPbH6TDUQh6VSAcbYU"}]},{"context": "ggregates for pavement concrete shall be natural material complying with IS:383 but with a Los Angeles Abrasion Test value not exceeding 35 percent", "qas": [{"answers": [{"answer_start": 137, "text": "35 percent"}], "question": "What is the max accepted value of Los Angeles Abrasion value test for DLC Material", "id": "PbmWKaeQEdpTVbNNDbiNx8"}]},{"context": "Test Procedure The metal rectangular mould shall be non-absorbent, watertight and rigidly constructed. The size of the mould is 150 x 300 mm at the top, 145 x 295 mm at the bottom, and 50 mm deep measured on the inside. Ordinary portland cement and graded standard sand in the proportion 1 :3 and a water-cement ratio of 0.40 to 0.44 (by weight) shall be used, to produce a flow of 35 + 5 percent, in 10 drops of the flow table.", "qas": [{"answers": [{"answer_start": 366, "text": "35 + 5 percent"}], "question": "What is the max accepted value of Los Angeles Abrasion value test for DLC Material", "id": "PbmWKaeQEdpTVbNNDbiNx8"}]},{"context": " In addition, the minimum compressive strength of any individual cube shall not be less than 7.5 MPa at 7 days. The design mix complying with the above Clauses shall be got approved from the Engineer and demonstrated in the trial length construction. ", "qas": [{"answers": [{"answer_start": 93, "text": "7.5 MPa"}], "question": "The Strength requirement for individual DLC cube ", "id": "2MBvu69EmoP9zkQxaazCFE"}]},{"context": ". This period may be\nreviewed in the light of the results of the trial length but, in no case shall it exceed 2 hours. Work shall not proceed when the temperature of the concrete exceeds 30.", "qas": [{"answers": [{"answer_start": 178, "text": "exceeds 30"}], "question": "Max temperature of DLC Mix allowed is", "id": "AwQr6rSiLmrEC3Xo2LbA57"}]},{"context": "Aggregate drains shall be placed within the verge/shoulders after completion of the pavement. Depth, thickness and spacing of the aggregate drains shall be as shown on the design drawings. ", "qas": [{"answers": [{"answer_start": 155, "text": "as shown on the design drawings"}], "question": "Min or Minimum Thickness of DLC for SH /NH", "id": "iN9DYPf8BqwyWRYbSjueP6"}]},{"context": "Although the actual thickness will be governed by the design considerations, a thickness of minimum 150 mm is recommended for all major projects of State Highways and National Highways. ", "qas": [{"answers": [{"answer_start": 100, "text": "150 mm"}], "question": "Min or Minimum Thickness of DLC for SH /NH", "id": "iN9DYPf8BqwyWRYbSjueP6"}]},{"context": ". For a compacted single layer upto 200 mm the compaction shall be done with the help of a vibratory roller of minimum 80 to 100 kN static weight capable of achieving the required compaction. Rolling shall commence at the lower edge and proceed towards the upper edge longitudinally for portions having unidirectional crossfall or on superelevation", "qas": [{"answers": [{"answer_start": 118, "text": "80 to 100 kN"}], "question": "The Minimum weight of Roller to be used for DLC rolling is ", "id": "nKKMCH9dU8RnrC5LZx9f7m"}]}, {"context": "desirable to stop concreting when the ambient temperature is above 35�C. After compaction has been completed, roller shall not stand on the compacted surface for the duration of the curing period except during commencement of next day�s work near the location where work was terminated the previous day. 7.6.3 Double Drum smooth-wheeled vibratory rollers of minimum 80 to 100 KN static  weight are considered to be suitable for rolling dry lean concrete.", "qas": [{"answers": [{"answer_start": 366, "text": "80 to 100 KN"}], "question": "The Minimum weight of Roller to be used for DLC rolling is ", "id": "nKKMCH9dU8RnrC5LZx9f7m"}]}]}], "version": "1.1"}



